2024-11-01_12-12-09,COMP,2024-11-01_12-12-09:shell.cpp.log
2024-11-01_12-12-51,COMP,2024-11-01_12-12-09:shell.cpp.log
2024-11-01_12-13-59,COMP,2024-11-01_12-12-09:shell.cpp.log
2024-11-01_12-20-22,COMP,2024-11-01_12-12-09:shell.cpp.log
2024-11-01_12-21-25,COMP,2024-11-01_12-12-09:shell.cpp.log
2024-11-01_12-21-43,COMP,2024-11-01_12-12-09:shell.cpp.log
2024-11-01_12-21-58,COMP,2024-11-01_12-12-09:shell.cpp.log
2024-11-01_12-22-06,000%,2024-11-01_12-12-09:shell.cpp.log
2024-11-01_12-33-29,COMP,2024-11-01_12-12-09:shell.cpp.log
2024-11-01_12-51-52,000%,2024-11-01_12-12-09:shell.cpp.log
2024-11-01_18-45-23,000%,2024-11-01_12-12-09:shell.cpp.log
2024-11-06_23-35-23,000%,2024-11-01_12-12-09:shell.cpp.log
2024-11-07_00-39-18,000%,2024-11-07_00-39-18:shell.cpp.log
2024-11-07_01-04-09,000%,2024-11-07_00-39-18:shell.cpp.log
2024-11-07_01-04-25,000%,2024-11-07_00-39-18:shell.cpp.log
2024-11-07_01-25-33,250%,2024-11-07_00-39-18:shell.cpp.log
2024-11-07_01-26-57,100%,2024-11-07_00-39-18:shell.cpp.log
2024-11-07_01-27-28,FREE,2024-11-07_00-39-18:shell.cpp.log
2024-11-07_09-43-36,FREE,shell.cpp:2024-11-07_09-43-36
