2024-11-13_11-12-19,COMP,shell.cpp:2024-11-13_11-12-19
2024-11-13_11-13-28,COMP,shell.cpp:2024-11-13_11-12-19
2024-11-13_11-13-50,COMP,shell.cpp:2024-11-13_11-12-19
2024-11-13_11-14-01,000%,shell.cpp:2024-11-13_11-12-19
2024-11-13_22-56-33,000%,shell.cpp:2024-11-13_11-12-19
2024-11-13_23-04-18,000%,shell.cpp:2024-11-13_11-12-19
2024-11-13_23-09-04,COMP,shell.cpp:2024-11-13_11-12-19
2024-11-13_23-11-43,COMP,shell.cpp:2024-11-13_11-12-19
2024-11-13_23-13-06,COMP,shell.cpp:2024-11-13_11-12-19
2024-11-13_23-14-19,000%,shell.cpp:2024-11-13_23-14-19
2024-11-13_23-15-30,000%,shell.cpp:2024-11-13_23-14-19
2024-11-13_23-20-12,COMP,shell.cpp:2024-11-13_23-14-19
2024-11-13_23-21-35,720%,shell.cpp:2024-11-13_23-14-19
2024-11-13_23-23-06,720%,shell.cpp:2024-11-13_23-14-19
2024-11-13_23-23-44,810%,shell.cpp:2024-11-13_23-14-19
2024-11-13_23-24-32,900%,shell.cpp:2024-11-13_23-14-19
2024-11-13_23-26-09,720%,shell.cpp:2024-11-13_23-14-19
2024-11-13_23-28-14,900%,shell.cpp:2024-11-13_23-14-19
2024-11-13_23-29-20,810%,shell.cpp:2024-11-13_23-14-19
2024-11-13_23-29-55,900%,shell.cpp:2024-11-13_23-14-19
2024-11-13_23-31-14,100%,shell.cpp:2024-11-13_23-14-19
